n,k,M,p,r,Tp,Tc,f,cl,cm,cu,cv
1379917,1,211253194,8,44758,38460915838,231726213478,424,2,3254.52,1351137,4.29678e+09
1379917,1,211253194,8,44758,38649011912,232516702811,424,2,3254.52,1351137,4.29678e+09
1379917,1,211253194,8,44758,38869258470,232863806349,424,2,3254.52,1351137,4.29678e+09
