n,k,M,p,r,Tp,Tc,f,cl,cm,cu,cv
18772,4,6038968,4,15225,674629563,779303567,290,1,64.731,17903,1.10105e+06
18772,4,6038968,4,15225,695320940,777083327,290,1,64.731,17903,1.10105e+06
18772,4,6038968,4,15225,710534748,774886939,290,1,64.731,17903,1.10105e+06
