n,k,M,p,r,Tp,Tc,f,cl,cm,cu,cv
18772,8,6404392,4,30449,358459883,584016245,290,1,64.731,17903,1.10105e+06
18772,8,6404392,4,30449,361378681,570932621,290,1,64.731,17903,1.10105e+06
18772,8,6404392,4,30449,442164051,589443565,290,1,64.731,17903,1.10105e+06
