n,k,M,p,r,Tp,Tc,f,cl,cm,cu,cv
18772,2,5947600,4,7613,1388589801,1378185696,290,1,64.731,17903,1.10105e+06
18772,2,5947600,4,7613,1406034215,1423519845,290,1,64.731,17903,1.10105e+06
18772,2,5947600,4,7613,1416078425,1356162516,290,1,64.731,17903,1.10105e+06
