n,k,M,p,r,Tp,Tc,f,cl,cm,cu,cv
1379917,2,211521756,8,89515,19959711148,138031606745,424,2,3254.52,1351137,4.29678e+09
1379917,2,211521756,8,89515,20114462836,140242953288,424,2,3254.52,1351137,4.29678e+09
1379917,2,211521756,8,89515,20237029059,139220317854,424,2,3254.52,1351137,4.29678e+09
