n,k,M,p,r,Tp,Tc,f,cl,cm,cu,cv
18772,16,7865992,4,60897,721631420,1346244083,290,1,64.731,17903,1.10105e+06
18772,16,7865992,4,60897,736309095,1334032930,290,1,64.731,17903,1.10105e+06
18772,16,7865992,4,60897,738560324,1328069369,290,1,64.731,17903,1.10105e+06
