n,k,M,p,r,Tp,Tc,f,cl,cm,cu,cv
18772,32,13712200,4,121793,1737045941,3566039782,290,1,64.731,17903,1.10105e+06
18772,32,13712200,4,121793,1756773380,3584535168,290,1,64.731,17903,1.10105e+06
18772,32,13712200,4,121793,1774103378,3626851623,290,1,64.731,17903,1.10105e+06
