n,k,M,p,r,Tp,Tc,f,cl,cm,cu,cv
1379917,32,302826636,8,1432225,3074813306,56583874603,424,2,3254.52,1351137,4.29678e+09
1379917,32,302826636,8,1432225,3123006389,56651877968,424,2,3254.52,1351137,4.29678e+09
1379917,32,302826636,8,1432225,3169687219,55158860832,424,2,3254.52,1351137,4.29678e+09
