n,k,M,p,r,Tp,Tc,f,cl,cm,cu,cv
18772,1,5924752,4,3807,2730457334,2583642675,290,1,64.731,17903,1.10105e+06
18772,1,5924752,4,3807,2734373196,2586926253,290,1,64.731,17903,1.10105e+06
18772,1,5924752,4,3807,2736102663,2590163069,290,1,64.731,17903,1.10105e+06
