n,k,M,p,r,Tp,Tc,f,cl,cm,cu,cv
1379917,16,234079564,8,716113,3042457797,30076473897,424,2,3254.52,1351137,4.29678e+09
1379917,16,234079564,8,716113,3147668120,30836612188,424,2,3254.52,1351137,4.29678e+09
1379917,16,234079564,8,716113,3178391533,30886423332,424,2,3254.52,1351137,4.29678e+09
