n,k,M,p,r,Tp,Tc,f,cl,cm,cu,cv
1379917,8,216892716,8,358057,5197166009,39210688663,424,2,3254.52,1351137,4.29678e+09
1379917,8,216892716,8,358057,5211496671,39395208796,424,2,3254.52,1351137,4.29678e+09
1379917,8,216892716,8,358057,5211707112,39318087889,424,2,3254.52,1351137,4.29678e+09
