n,k,M,p,r,Tp,Tc,f,cl,cm,cu,cv
1379917,4,212595964,8,179029,10335655925,63675663578,424,2,3254.52,1351137,4.29678e+09
1379917,4,212595964,8,179029,10363401529,63271478394,424,2,3254.52,1351137,4.29678e+09
1379917,4,212595964,8,179029,10366612093,62362189234,424,2,3254.52,1351137,4.29678e+09
